-- MySQL dump 10.13  Distrib 8.0.29, for Win64 (x86_64)
--
-- Host: 127.0.0.1    Database: todo_pe
-- ------------------------------------------------------
-- Server version	8.0.29

/*!40101 SET @OLD_CHARACTER_SET_CLIENT=@@CHARACTER_SET_CLIENT */;
/*!40101 SET @OLD_CHARACTER_SET_RESULTS=@@CHARACTER_SET_RESULTS */;
/*!40101 SET @OLD_COLLATION_CONNECTION=@@COLLATION_CONNECTION */;
/*!50503 SET NAMES utf8mb4 */;
/*!40103 SET @OLD_TIME_ZONE=@@TIME_ZONE */;
/*!40103 SET TIME_ZONE='+00:00' */;
/*!40014 SET @OLD_UNIQUE_CHECKS=@@UNIQUE_CHECKS, UNIQUE_CHECKS=0 */;
/*!40014 SET @OLD_FOREIGN_KEY_CHECKS=@@FOREIGN_KEY_CHECKS, FOREIGN_KEY_CHECKS=0 */;
/*!40101 SET @OLD_SQL_MODE=@@SQL_MODE, SQL_MODE='NO_AUTO_VALUE_ON_ZERO' */;
/*!40111 SET @OLD_SQL_NOTES=@@SQL_NOTES, SQL_NOTES=0 */;

--
-- Table structure for table `_version`
--

DROP TABLE IF EXISTS `_version`;
/*!40101 SET @saved_cs_client     = @@character_set_client */;
/*!50503 SET character_set_client = utf8mb4 */;
CREATE TABLE `_version` (
  `idx` int NOT NULL AUTO_INCREMENT,
  `version` varchar(11) DEFAULT NULL,
  PRIMARY KEY (`idx`)
) ENGINE=InnoDB AUTO_INCREMENT=2 DEFAULT CHARSET=utf8mb4 COLLATE=utf8mb4_0900_ai_ci;
/*!40101 SET character_set_client = @saved_cs_client */;

--
-- Dumping data for table `_version`
--

/*!40000 ALTER TABLE `_version` DISABLE KEYS */;
INSERT INTO `_version` VALUES (1,'123.123.123');
/*!40000 ALTER TABLE `_version` ENABLE KEYS */;

--
-- Table structure for table `site_user`
--

DROP TABLE IF EXISTS `site_user`;
/*!40101 SET @saved_cs_client     = @@character_set_client */;
/*!50503 SET character_set_client = utf8mb4 */;
CREATE TABLE `site_user` (
  `id` bigint NOT NULL AUTO_INCREMENT,
  `email` varchar(255) DEFAULT NULL,
  `password` varchar(255) DEFAULT NULL,
  `user_id` varchar(255) DEFAULT NULL,
  PRIMARY KEY (`id`),
  UNIQUE KEY `UK_8vlkw482t3gpnebxcm03ywk9p` (`email`),
  UNIQUE KEY `UK_7txm0o5jvngqyt8iwgnr1ohwu` (`user_id`)
) ENGINE=InnoDB AUTO_INCREMENT=3 DEFAULT CHARSET=utf8mb4 COLLATE=utf8mb4_0900_ai_ci;
/*!40101 SET character_set_client = @saved_cs_client */;

--
-- Dumping data for table `site_user`
--

/*!40000 ALTER TABLE `site_user` DISABLE KEYS */;
INSERT INTO `site_user` VALUES (1,'1@1','$2a$10$mUO.ttCMtlWNm2KVS7h1rekhR0Y/GMo8aikBtT4ORvfbtb5J4d0Z2','meohin'),(2,'lastsky@gmail.com','$2a$10$W8z91lguhTeMroVms8fpMeBcYRTsTjuloCSLiNlrx5idTIHSOlElC','lastsky');
/*!40000 ALTER TABLE `site_user` ENABLE KEYS */;

--
-- Table structure for table `task`
--

DROP TABLE IF EXISTS `task`;
/*!40101 SET @saved_cs_client     = @@character_set_client */;
/*!50503 SET character_set_client = utf8mb4 */;
CREATE TABLE `task` (
  `id` bigint NOT NULL AUTO_INCREMENT,
  `created_at` datetime(6) DEFAULT NULL,
  `description` varchar(600) DEFAULT NULL,
  `estimated_at` int DEFAULT NULL,
  `modified_at` datetime(6) DEFAULT NULL,
  `status` varchar(255) DEFAULT 'STANDBY',
  `subject` varchar(200) DEFAULT NULL,
  `site_user_id` bigint DEFAULT NULL,
  PRIMARY KEY (`id`),
  KEY `FK9lbysi3q6j9eb9y1ysxvrh73c` (`site_user_id`),
  CONSTRAINT `FK9lbysi3q6j9eb9y1ysxvrh73c` FOREIGN KEY (`site_user_id`) REFERENCES `site_user` (`id`)
) ENGINE=InnoDB AUTO_INCREMENT=38 DEFAULT CHARSET=utf8mb4 COLLATE=utf8mb4_0900_ai_ci;
/*!40101 SET character_set_client = @saved_cs_client */;

--
-- Dumping data for table `task`
--

/*!40000 ALTER TABLE `task` DISABLE KEYS */;
INSERT INTO `task` VALUES (1,'2023-09-14 13:28:40.000000','할일 내용',10,NULL,'ING','할일 제목',2),(2,'2023-09-14 13:30:05.000000','1',1260,NULL,'ING','1',2),(3,'2023-09-14 13:30:09.000000','2',1260,NULL,'STANDBY','2',2),(4,'2023-09-14 13:30:13.000000','3',660,NULL,'ING','3',2),(5,'2023-09-14 13:30:22.000000','3',1260,NULL,'ING','3',2),(6,'2023-09-14 13:30:27.000000','4',1260,NULL,'STANDBY','4',2),(7,'2023-09-14 13:30:30.000000','5',1260,NULL,'STANDBY','5',2),(8,'2023-09-14 13:30:44.000000','@#$@#$@#@!@#$!@34;--1;-;1234ㅃㅁㅉㄸㄲㅃ',1260,NULL,'STANDBY','@!#$@#$@#$@#$@#$--;!@#',2),(9,'2023-09-14 13:31:35.000000','ㅁㅇㄻㄴㅇㄻㄴㅇㄹㅁㅇㄻㄴㅇㄻㄴㅇㄹ',1260,NULL,'STANDBY','ㅁㅇㄻㄴㅇㄻㄴㅇㄹㅁㅇㄻㄴㅇㄻㄴㅇㄹㅁㅇㄻㄴㅇㄻㄴㅇㄹ',2),(10,'2023-09-14 13:31:39.000000','ㅁㄴㅇㄹ',1260,NULL,'STANDBY','ㄴㅇㄻ',2),(11,'2023-09-14 13:31:48.000000','ㅁㅇㄻㄴㅇㄻㄴㅇㄹ',1260,NULL,'ING','ㅁㅇㄻㄴㅇㄻㄴㅇㄹㅁㅇㄻㄴㅇㄻㄴㅇㄹㅁㅇㄻㄴㅇㄻㄴㅇㄹㅁㅇㄻㄴㅇㄻㄴㅇㄹㅁㅇㄻㄴㅇㄻㄴㅇㄹㅁㅇㄻㄴㅇㄻㄴㅇㄹㅁㅇㄻㄴㅇㄻㄴㅇㄹㅁㅇㄻㄴㅇㄻㄴㅇㄹㅁㅇㄻㄴㅇㄻㄴㅇㄹㅁㅇㄻㄴㅇㄻㄴㅇㄹㅁㅇㄻㄴㅇㄻㄴㅇㄹㅁㅇㄻㄴㅇㄻㄴㅇㄹㅁㅇㄻㄴㅇㄻㄴㅇㄹ',2),(12,'2023-09-14 13:32:09.000000','123123123',1260,NULL,'STANDBY','ㅁㅇㄻㄴㅇㄻㄴㅇㄹㅁㅇㄻㄴㅇㄻㄴㅇㄹㅁㅇㄻㄴㅇㄻㄴㅇㄹㅁㅇㄻㄴㅇㄻㄴㅇㄹㅁㅇㄻㄴㅇㄻㄴㅇㄹㅁㅇㄻㄴㅇㄻㄴㅇㄹㅁㅇㄻㄴㅇㄻㄴㅇㄹㅁㅇㄻㄴㅇㄻㄴㅇㄹㅁㅇㄻㄴㅇㄻㄴㅇㄹㅁㄴㅇㄻㄴㄹㄴㅁㅇㅁㅇㄻㄴㅇㄻㄴㅇㄹㅁㅇㄻㄴㅇㄻㄴㅇㄹㅁㅇㄻㄴㅇㄻㄴㅇㄹㅁㅇㄻㄴㅇㄻㄴㅇㄹㅋㄴㅇㄻㄴㄹㄴㅁㅇㄹㅁㅇㄻㄴㅇㄻㄴㅇㄹㅁㅇㄻㄴㅇㄻㄴㅇㄹㅁㅇㄻㄴㅇㄻㄴㅇㄹ',2),(13,'2023-09-14 13:32:18.000000','ㅁㅇㄻㄴㅇㄻㄴㅇㄹㅁㅇㄻ',1260,NULL,'ING','ㅁㅇㄻㄴㅇㄻㄴㅇㄹ',2),(14,'2023-09-14 13:32:27.000000','ㅁㅇㄻㄴㅇㄻㄴㅇㄹㅁㅇㄻㄴㅇㄻㄴㅇㄹㅁㅇㄻㄴㅇ',150,'2023-09-14 13:33:16.000000','STANDBY','ㅁㅇㄻㄴㅇㄻㄴㅇㄹㅁㅇㄻㄴㅇㄻㄴㅇㄹㅁㅇㄻㄴㅇㄻㄴㅇㄹㅁㅇㄻㄴㅇㄻㄴㅇㄹㅁㅇㄻㄴㅇㄻㄴㅇㄹㅁㅇㄻㄴㅇㄻㄴㅇㄹㅁㅇㄻㄴㅇㄻㄴㅇㄹㅁㅇㄻㄴㅇㄻㄴㅇㄹㅁㅇㄻㄴㅇㄻㄴㅇㄹㅁㅇㄻㄴㅇㄻㄴㅇㄹㅁㅇㄻㄴㅇㄻㄴㅇㄹㅁㅇㄻㄴㅇㄻㄴㅇㄹㅁㅇㄻㄴㅇㄻㄴㅇㄹㅁㅇㄻㄴㅇㄻㄴㅇㄹㅁㅇㄻㄴㅇㄻㄴㅇㄹㅁㅇㄻㄴㅇㄻㄴㅇㄹㅁㅇㄻㄴㅇㄻㄴㅇㄹㅁㅇㄻㄴㅇㄻㄴㅇㄹㅁㅇㄻㄴㅇㄻㄴㅇㄹㅁㅇㄻㄴㅇㄻㄴㅇㄹㅁㄴㅇㄻㄴㄻㄴㅇㄻㄴㄻㄴㄻㄴㅇㄻㄴㄹㅇ',2),(15,'2023-09-14 13:33:54.000000','2',1260,NULL,'STANDBY','2',2),(16,'2023-09-14 13:34:00.000000','2',1260,NULL,'STANDBY','2',2),(17,'2023-09-14 13:34:03.000000','1',1260,NULL,'STANDBY','1',2),(18,'2023-09-14 13:34:07.000000','3',1260,NULL,'STANDBY','3',2),(19,'2023-09-14 13:34:17.000000','5',800,NULL,'STANDBY','5',2),(20,'2023-09-14 13:34:24.000000','1',690,NULL,'STANDBY','1',2),(21,'2023-09-14 13:34:31.000000','ㄷㄱ',1439,NULL,'STANDBY','ㄷㄱ',2),(22,'2023-09-14 13:36:31.000000','123',1260,NULL,'STANDBY','123',2),(23,'2023-09-14 13:36:36.000000','123',1260,NULL,'STANDBY','123',2),(24,'2023-09-14 13:36:39.000000','12',1260,NULL,'STANDBY','12',2),(25,'2023-09-14 13:36:43.000000','12',1260,NULL,'STANDBY','12',2),(26,'2023-09-14 13:36:56.000000','12',1260,NULL,'STANDBY','12',2),(27,'2023-09-14 13:36:59.000000','12',1260,NULL,'STANDBY','12',2),(28,'2023-09-14 13:37:02.000000','12',1260,NULL,'STANDBY','12',2),(29,'2023-09-14 13:37:05.000000','12',1260,NULL,'STANDBY','12',2),(30,'2023-09-14 13:37:08.000000','12',1260,NULL,'STANDBY','12',2),(31,'2023-09-14 13:37:54.000000','1',1260,NULL,'STANDBY','1',2),(32,'2023-09-15 15:48:52.000000','10페이지 읽기',1260,'2023-09-27 16:25:29.000000','ING','200p 한국어 비문학 읽기',1),(33,'2023-09-18 15:20:43.000000','ㅁㅁㅁㅁㅁㅁㅁㅁㅁㅁㅁㅁㅁㅁㅁㅁㅁㅁㅁㅁㅁㅁ',1260,'2023-11-23 14:03:54.000000','STANDBY','ㅁㅁㅁㅁㅁㅁㅁㅁㅁㅁㅁ',1),(34,'2023-09-20 18:20:37.000000','asdfafa ',1,NULL,'STANDBY','fafasfda',1),(35,'2023-09-27 16:40:16.000000','ㅁㅁㅁㅁㅁㅁㅁㅁㅁㅁㅁㅁㅁㅁㅁㅁㅁㅁㅁㅁㅁㅁㅁㅁㅁㅁㅁㅁ',1260,'2023-11-23 14:04:50.000000','STANDBY','ㅋㅋㅋㅋㅋㅋㅋ',1),(36,'2023-10-23 16:12:50.000000','ㄴ미ㅏㄹ어미ㅏ러ㅣㅏㅓㅁ리ㅏㅓㅣㅏ',600,NULL,'STANDBY','미ㅓ리머ㅏㅣㄴㅇ러ㅏㅣ머',1),(37,'2023-11-08 14:17:32.000000','테스트할거야',600,NULL,'STANDBY','룰루',1);
/*!40000 ALTER TABLE `task` ENABLE KEYS */;

--
-- Table structure for table `task_measures`
--

DROP TABLE IF EXISTS `task_measures`;
/*!40101 SET @saved_cs_client     = @@character_set_client */;
/*!50503 SET character_set_client = utf8mb4 */;
CREATE TABLE `task_measures` (
  `id` bigint NOT NULL AUTO_INCREMENT,
  `complete_time` datetime(6) DEFAULT NULL,
  `continue_time` datetime(6) DEFAULT NULL,
  `elapsed_completed_time` int DEFAULT NULL,
  `elapsed_paused_time` int DEFAULT NULL,
  `estimated_at` int DEFAULT NULL,
  `modified_at` datetime(6) DEFAULT NULL,
  `pause_time` datetime(6) DEFAULT NULL,
  `start_time` datetime(6) DEFAULT NULL,
  `total_elapsed_time` int DEFAULT NULL,
  `site_user_id` bigint DEFAULT NULL,
  `task_id` bigint DEFAULT NULL,
  `task_one_id` bigint DEFAULT NULL,
  `task_measures_with_task_id` bigint DEFAULT NULL,
  `task_with_task_measures_id` bigint DEFAULT NULL,
  PRIMARY KEY (`id`),
  KEY `FKpfdino3u8uy5jb1t4hxvmr1` (`site_user_id`),
  KEY `FKju5cd6emwc5w560l47aav0w1p` (`task_id`),
  KEY `FKg4p3lhagf6sp8vcoi9komhmnm` (`task_one_id`),
  KEY `FKa4j6f4i3plunsr6s3ldypmjo9` (`task_measures_with_task_id`),
  KEY `FKrvhlhlnjknf91d4f6y2v38sln` (`task_with_task_measures_id`),
  CONSTRAINT `FKa4j6f4i3plunsr6s3ldypmjo9` FOREIGN KEY (`task_measures_with_task_id`) REFERENCES `task` (`id`),
  CONSTRAINT `FKg4p3lhagf6sp8vcoi9komhmnm` FOREIGN KEY (`task_one_id`) REFERENCES `task` (`id`),
  CONSTRAINT `FKju5cd6emwc5w560l47aav0w1p` FOREIGN KEY (`task_id`) REFERENCES `task` (`id`),
  CONSTRAINT `FKpfdino3u8uy5jb1t4hxvmr1` FOREIGN KEY (`site_user_id`) REFERENCES `site_user` (`id`),
  CONSTRAINT `FKrvhlhlnjknf91d4f6y2v38sln` FOREIGN KEY (`task_with_task_measures_id`) REFERENCES `task` (`id`)
) ENGINE=InnoDB AUTO_INCREMENT=38 DEFAULT CHARSET=utf8mb4 COLLATE=utf8mb4_0900_ai_ci;
/*!40101 SET character_set_client = @saved_cs_client */;

--
-- Dumping data for table `task_measures`
--

/*!40000 ALTER TABLE `task_measures` DISABLE KEYS */;
INSERT INTO `task_measures` VALUES (1,'2023-09-14 13:29:37.000000','2023-09-14 13:29:35.000000',0,0,10,NULL,'2023-09-14 13:29:33.000000','2023-09-14 13:29:27.000000',0,2,1,NULL,NULL,NULL),(2,'2023-09-14 13:43:43.000000',NULL,NULL,NULL,150,NULL,NULL,'2023-09-14 13:33:45.000000',9,2,14,NULL,NULL,NULL),(3,NULL,NULL,NULL,NULL,1260,NULL,NULL,'2023-09-14 13:39:39.000000',NULL,2,13,NULL,NULL,NULL),(4,NULL,NULL,NULL,NULL,10,NULL,NULL,'2023-09-14 13:39:45.000000',NULL,2,1,NULL,NULL,NULL),(5,NULL,NULL,NULL,NULL,1260,NULL,NULL,'2023-09-14 13:39:52.000000',NULL,2,2,NULL,NULL,NULL),(6,NULL,NULL,NULL,NULL,2,NULL,NULL,'2023-09-14 13:40:09.000000',NULL,2,5,NULL,NULL,NULL),(7,NULL,NULL,NULL,NULL,660,NULL,NULL,'2023-09-14 13:42:26.000000',NULL,2,4,NULL,NULL,NULL),(8,NULL,NULL,NULL,NULL,2745,NULL,NULL,'2023-09-14 13:42:37.000000',NULL,2,11,NULL,NULL,NULL),(9,'2023-09-20 18:52:05.000000',NULL,NULL,NULL,1260,'2023-10-24 20:00:37.000000',NULL,'2023-09-20 18:51:57.000000',0,1,32,NULL,NULL,NULL),(10,'2023-09-25 14:27:40.000000',NULL,NULL,NULL,1260,NULL,NULL,'2023-09-25 14:25:49.000000',1,1,32,NULL,NULL,NULL),(11,'2023-09-25 14:30:39.000000',NULL,NULL,NULL,1260,NULL,NULL,'2023-09-25 14:28:02.000000',2,1,32,NULL,NULL,NULL),(12,'2023-09-25 14:31:26.000000',NULL,NULL,NULL,1260,NULL,NULL,'2023-09-25 14:31:19.000000',0,1,32,NULL,NULL,NULL),(13,'2023-09-25 14:37:12.000000',NULL,NULL,NULL,1260,NULL,NULL,'2023-09-25 14:31:38.000000',5,1,32,NULL,NULL,NULL),(14,'2023-09-25 14:39:54.000000',NULL,NULL,NULL,1260,NULL,NULL,'2023-09-25 14:37:30.000000',2,1,32,NULL,NULL,NULL),(15,'2023-09-26 15:08:28.000000',NULL,NULL,NULL,1260,NULL,NULL,'2023-09-26 15:08:15.000000',0,1,32,NULL,NULL,NULL),(16,'2023-09-26 15:13:13.000000',NULL,NULL,NULL,1260,NULL,NULL,'2023-09-26 15:11:04.000000',2,1,32,NULL,NULL,NULL),(17,'2023-09-26 15:20:18.000000',NULL,NULL,NULL,1260,NULL,NULL,'2023-09-26 15:19:54.000000',0,1,32,NULL,NULL,NULL),(18,'2023-09-26 15:25:27.000000',NULL,NULL,NULL,1260,NULL,NULL,'2023-09-26 15:25:24.000000',0,1,32,NULL,NULL,NULL),(19,'2023-09-27 16:25:18.000000',NULL,NULL,NULL,1260,NULL,NULL,'2023-09-27 16:25:09.000000',0,1,32,NULL,NULL,NULL),(20,'2023-09-27 16:36:15.000000',NULL,NULL,NULL,1260,NULL,NULL,'2023-09-27 16:35:34.000000',0,1,32,NULL,NULL,NULL),(21,'2023-11-08 12:02:20.000000',NULL,NULL,NULL,1260,NULL,NULL,'2023-10-30 15:11:05.000000',12771,1,32,NULL,NULL,NULL),(23,'2023-11-08 14:16:59.000000',NULL,NULL,NULL,1260,NULL,NULL,'2023-11-08 14:16:12.000000',0,1,32,NULL,NULL,NULL),(24,'2023-11-08 14:47:54.000000','2023-11-08 14:27:36.000000',20,9,600,NULL,'2023-11-08 14:27:32.000000','2023-11-08 14:17:37.000000',29,1,37,NULL,NULL,NULL),(25,'2023-11-08 17:55:08.000000','2023-11-08 17:55:07.000000',0,0,1260,NULL,'2023-11-08 17:55:05.000000','2023-11-08 17:55:04.000000',0,1,32,NULL,NULL,NULL),(26,'2023-11-08 18:17:45.000000','2023-11-08 18:17:20.000000',0,0,1260,NULL,'2023-11-08 18:17:19.000000','2023-11-08 18:17:17.000000',0,1,32,NULL,NULL,NULL),(27,'2023-11-10 14:10:35.000000','2023-11-09 14:10:16.000000',1440,89,1260,NULL,'2023-11-09 14:10:14.000000','2023-11-09 12:39:54.000000',1529,1,32,NULL,NULL,NULL),(28,'2023-11-28 16:33:25.000000','2023-11-28 16:33:22.000000',0,0,1260,NULL,'2023-11-28 16:33:21.000000','2023-11-10 14:24:05.000000',0,1,32,NULL,NULL,NULL),(29,'2023-11-28 16:33:37.000000','2023-11-28 16:33:34.000000',0,0,1260,NULL,'2023-11-28 16:33:33.000000','2023-11-28 16:33:31.000000',0,1,32,NULL,NULL,NULL),(30,'2023-11-28 16:46:42.000000',NULL,NULL,NULL,1260,NULL,NULL,'2023-11-28 16:46:36.000000',0,1,32,NULL,NULL,NULL),(31,'2023-11-28 16:46:54.000000',NULL,NULL,NULL,1260,NULL,NULL,'2023-11-28 16:46:49.000000',0,1,32,NULL,NULL,NULL),(32,'2023-11-28 16:47:09.000000',NULL,NULL,NULL,1260,NULL,NULL,'2023-11-28 16:47:07.000000',0,1,32,NULL,NULL,NULL),(33,'2023-11-28 17:56:57.000000',NULL,NULL,NULL,1260,NULL,NULL,'2023-11-28 17:56:53.000000',0,1,32,NULL,NULL,NULL),(34,'2023-11-28 17:57:55.000000',NULL,NULL,NULL,1260,NULL,NULL,'2023-11-28 17:57:24.000000',0,1,32,NULL,NULL,NULL),(35,'2023-11-28 17:58:42.000000',NULL,NULL,NULL,1260,NULL,NULL,'2023-11-28 17:58:38.000000',0,1,32,NULL,NULL,NULL),(36,'2023-11-28 18:03:52.000000','2023-11-28 18:03:50.000000',0,0,1260,NULL,'2023-11-28 18:03:45.000000','2023-11-28 18:03:43.000000',0,1,32,NULL,NULL,NULL),(37,NULL,NULL,NULL,NULL,1260,NULL,NULL,'2023-11-29 16:32:35.000000',NULL,1,32,NULL,NULL,NULL);
/*!40000 ALTER TABLE `task_measures` ENABLE KEYS */;
/*!40103 SET TIME_ZONE=@OLD_TIME_ZONE */;

/*!40101 SET SQL_MODE=@OLD_SQL_MODE */;
/*!40014 SET FOREIGN_KEY_CHECKS=@OLD_FOREIGN_KEY_CHECKS */;
/*!40014 SET UNIQUE_CHECKS=@OLD_UNIQUE_CHECKS */;
/*!40101 SET CHARACTER_SET_CLIENT=@OLD_CHARACTER_SET_CLIENT */;
/*!40101 SET CHARACTER_SET_RESULTS=@OLD_CHARACTER_SET_RESULTS */;
/*!40101 SET COLLATION_CONNECTION=@OLD_COLLATION_CONNECTION */;
/*!40111 SET SQL_NOTES=@OLD_SQL_NOTES */;

-- Dump completed on 2023-12-01 19:50:47
